{
  "Working Directory" : "\/Users\/nipid",
  "Prompt Before Closing 2" : false,
  "Selected Text Color" : {
    "Green Component" : 0.07895921915769577,
    "Red Component" : 0.089180983603000641,
    "Blue Component" : 0.13518966734409332
  },
  "Rows" : 50,
  "Ansi 11 Color" : {
    "Green Component" : 0.86418485641479492,
    "Red Component" : 0.69892248826847758,
    "Blue Component" : 0.530735012054669
  },
  "Use Italic Font" : true,
  "Foreground Color" : {
    "Green Component" : 0.62215218382484827,
    "Red Component" : 0.62225952897788717,
    "Blue Component" : 0.62963516746411485
  },
  "Right Option Key Sends" : 0,
  "Character Encoding" : 4,
  "Selection Color" : {
    "Green Component" : 0.24077798564594985,
    "Red Component" : 0.28554791842451294,
    "Blue Component" : 0.44105113636363635
  },
  "Mouse Reporting" : true,
  "Ansi 4 Color" : {
    "Green Component" : 0.48868441285485548,
    "Red Component" : 0.28325468543711485,
    "Blue Component" : 0.95772278708133973
  },
  "Non-ASCII Anti Aliased" : true,
  "Sync Title" : false,
  "Disable Window Resizing" : true,
  "Description" : "Default",
  "Close Sessions On End" : true,
  "Jobs to Ignore" : [
    "rlogin",
    "ssh",
    "slogin",
    "telnet"
  ],
  "Non-ASCII Ligatures" : false,
  "Scrollback Lines" : 1000,
  "Draw Powerline Glyphs" : false,
  "Hide After Opening" : false,
  "Flashing Bell" : false,
  "Cursor Guide Color" : {
    "Red Component" : 0.70213186740875244,
    "Color Space" : "sRGB",
    "Blue Component" : 1,
    "Alpha Component" : 0.25,
    "Green Component" : 0.9268307089805603
  },
  "BM Growl" : true,
  "Ansi 3 Color" : {
    "Green Component" : 0.86329994019138756,
    "Red Component" : 0.55380504784756379,
    "Blue Component" : 0.12441940961816469
  },
  "Icon" : 0,
  "Use Non-ASCII Font" : true,
  "Link Color" : {
    "Red Component" : 0,
    "Color Space" : "sRGB",
    "Blue Component" : 0.73423302173614502,
    "Alpha Component" : 1,
    "Green Component" : 0.35916060209274292
  },
  "Shortcut" : "",
  "Background Image Location" : "",
  "Bold Color" : {
    "Green Component" : 0.52878479993627781,
    "Red Component" : 0.62364225449737598,
    "Blue Component" : 1
  },
  "Unlimited Scrollback" : false,
  "Custom Command" : "No",
  "Keyboard Map" : {
    "0xf700-0x260000" : {
      "Action" : 10,
      "Text" : "[1;6A"
    },
    "0x37-0x40000" : {
      "Action" : 11,
      "Text" : "0x1f"
    },
    "0x32-0x40000" : {
      "Action" : 11,
      "Text" : "0x00"
    },
    "0xf709-0x20000" : {
      "Action" : 10,
      "Text" : "[17;2~"
    },
    "0xf70c-0x20000" : {
      "Action" : 10,
      "Text" : "[20;2~"
    },
    "0xf729-0x20000" : {
      "Action" : 10,
      "Text" : "[1;2H"
    },
    "0xf72b-0x40000" : {
      "Action" : 10,
      "Text" : "[1;5F"
    },
    "0xf705-0x20000" : {
      "Action" : 10,
      "Text" : "[1;2Q"
    },
    "0xf703-0x260000" : {
      "Action" : 10,
      "Text" : "[1;6C"
    },
    "0xf700-0x220000" : {
      "Action" : 10,
      "Text" : "[1;2A"
    },
    "0xf701-0x280000" : {
      "Action" : 11,
      "Text" : "0x1b 0x1b 0x5b 0x42"
    },
    "0x38-0x40000" : {
      "Action" : 11,
      "Text" : "0x7f"
    },
    "0x33-0x40000" : {
      "Action" : 11,
      "Text" : "0x1b"
    },
    "0xf703-0x220000" : {
      "Action" : 10,
      "Text" : "[1;2C"
    },
    "0xf701-0x240000" : {
      "Action" : 10,
      "Text" : "[1;5B"
    },
    "0xf70d-0x20000" : {
      "Action" : 10,
      "Text" : "[21;2~"
    },
    "0xf702-0x260000" : {
      "Action" : 10,
      "Text" : "[1;6D"
    },
    "0xf729-0x40000" : {
      "Action" : 10,
      "Text" : "[1;5H"
    },
    "0xf706-0x20000" : {
      "Action" : 10,
      "Text" : "[1;2R"
    },
    "0x34-0x40000" : {
      "Action" : 11,
      "Text" : "0x1c"
    },
    "0xf700-0x280000" : {
      "Action" : 11,
      "Text" : "0x1b 0x1b 0x5b 0x41"
    },
    "0x2d-0x40000" : {
      "Action" : 11,
      "Text" : "0x1f"
    },
    "0xf70e-0x20000" : {
      "Action" : 10,
      "Text" : "[23;2~"
    },
    "0xf702-0x220000" : {
      "Action" : 10,
      "Text" : "[1;2D"
    },
    "0xf703-0x280000" : {
      "Action" : 11,
      "Text" : "0x1b 0x1b 0x5b 0x43"
    },
    "0xf700-0x240000" : {
      "Action" : 10,
      "Text" : "[1;5A"
    },
    "0xf707-0x20000" : {
      "Action" : 10,
      "Text" : "[1;2S"
    },
    "0xf70a-0x20000" : {
      "Action" : 10,
      "Text" : "[18;2~"
    },
    "0x35-0x40000" : {
      "Action" : 11,
      "Text" : "0x1d"
    },
    "0xf70f-0x20000" : {
      "Action" : 10,
      "Text" : "[24;2~"
    },
    "0xf703-0x240000" : {
      "Action" : 10,
      "Text" : "[1;5C"
    },
    "0xf701-0x260000" : {
      "Action" : 10,
      "Text" : "[1;6B"
    },
    "0xf702-0x280000" : {
      "Action" : 11,
      "Text" : "0x1b 0x1b 0x5b 0x44"
    },
    "0xf72b-0x20000" : {
      "Action" : 10,
      "Text" : "[1;2F"
    },
    "0x36-0x40000" : {
      "Action" : 11,
      "Text" : "0x1e"
    },
    "0xf708-0x20000" : {
      "Action" : 10,
      "Text" : "[15;2~"
    },
    "0xf701-0x220000" : {
      "Action" : 10,
      "Text" : "[1;2B"
    },
    "0xf70b-0x20000" : {
      "Action" : 10,
      "Text" : "[19;2~"
    },
    "0xf702-0x240000" : {
      "Action" : 10,
      "Text" : "[1;5D"
    },
    "0xf704-0x20000" : {
      "Action" : 10,
      "Text" : "[1;2P"
    }
  },
  "Ansi 14 Color" : {
    "Green Component" : 0.89067149809991031,
    "Red Component" : 0.61408545775177514,
    "Blue Component" : 0.92057973146438599
  },
  "Ansi 2 Color" : {
    "Green Component" : 0.66417461633682251,
    "Red Component" : 0.12244347103455951,
    "Blue Component" : 0.1059697215005044
  },
  "Send Code When Idle" : false,
  "ASCII Anti Aliased" : true,
  "Tags" : [

  ],
  "Ansi 9 Color" : {
    "Green Component" : 0.4470448188243944,
    "Red Component" : 0.94261360168457031,
    "Blue Component" : 0.6044453881588514
  },
  "Use Bold Font" : true,
  "Silence Bell" : true,
  "Ansi 12 Color" : {
    "Green Component" : 0.73635363855058222,
    "Red Component" : 0.66426340833912034,
    "Blue Component" : 0.92505812644958496
  },
  "Window Type" : 0,
  "Use Bright Bold" : true,
  "Cursor Text Color" : {
    "Green Component" : 0.07895921915769577,
    "Red Component" : 0.089180983603000641,
    "Blue Component" : 0.13518966734409332
  },
  "Default Bookmark" : "No",
  "Cursor Color" : {
    "Green Component" : 0.53481197357177734,
    "Red Component" : 0.63489741086959839,
    "Blue Component" : 0.96935170888900757
  },
  "Ansi 1 Color" : {
    "Green Component" : 0.13257007052916478,
    "Red Component" : 0.92901465311004783,
    "Blue Component" : 0.3795295879275396
  },
  "Name" : "NicoAudy",
  "Blinking Cursor" : true,
  "Guid" : "0757B11A-8C62-47E3-8A70-9A327C9A03C1",
  "Idle Code" : 0,
  "Ansi 10 Color" : {
    "Green Component" : 0.66470968723297119,
    "Red Component" : 0.3252563603818765,
    "Blue Component" : 0.36808588798911401
  },
  "Ansi 8 Color" : {
    "Green Component" : 0.31638649813112318,
    "Red Component" : 0.34730713398453844,
    "Blue Component" : 0.41680995813397126
  },
  "Badge Color" : {
    "Red Component" : 1,
    "Color Space" : "sRGB",
    "Blue Component" : 0,
    "Alpha Component" : 0.5,
    "Green Component" : 0.1491314172744751
  },
  "Ambiguous Double Width" : false,
  "Blur Radius" : 21.284615384615389,
  "Background Image Mode" : 0,
  "Cursor Type" : 2,
  "Ansi 0 Color" : {
    "Green Component" : 0.15865734537749271,
    "Red Component" : 0.17672798441674642,
    "Blue Component" : 0.24704694976076558
  },
  "Blur" : true,
  "Vertical Spacing" : 1,
  "Normal Font" : "OperatorMono-Book 15",
  "Ansi 7 Color" : {
    "Green Component" : 0.61992663145065308,
    "Red Component" : 0.62022954225540161,
    "Blue Component" : 0.62902432680130005
  },
  "Space" : 0,
  "Command" : "\/bin\/zsh",
  "Terminal Type" : "xterm-256color",
  "Horizontal Spacing" : 1,
  "Option Key Sends" : 0,